"team","n_plays","n_correct","team_accuracy","vs_league_avg"
"HOU",1193,932,0.781223805532272,0.040923377548272
"MIN",1034,806,0.779497098646035,0.0391966706620352
"CLE",1143,885,0.774278215223097,0.0339777872390976
"DEN",1180,910,0.771186440677966,0.0308860126939666
"TEN",1108,853,0.76985559566787,0.0295551676838705
"PIT",1067,817,0.765698219306467,0.0253977913224672
"NE",1094,836,0.764168190127971,0.0238677621439712
"TB",1158,881,0.760794473229706,0.0204940452457069
"CIN",1137,864,0.759894459102902,0.0195940311189028
"LV",1038,788,0.759152215799615,0.0188517878156151
"DET",1136,861,0.757922535211268,0.0176221072272681
"KC",1139,863,0.757682177348551,0.0173817493645518
"BUF",1122,850,0.757575757575758,0.017275329591758
"LAC",1178,891,0.756366723259762,0.0160662952757628
"NO",1160,875,0.754310344827586,0.0140099168435867
"SF",1140,859,0.753508771929825,0.013208343945825
"JAX",1163,870,0.748065348237317,0.00776492025331776
"CAR",1072,801,0.747201492537313,0.00690106455331385
"ARI",1161,862,0.742463393626184,0.00216296564218477
"DAL",1180,870,0.73728813559322,-0.00301229239077916
"LA",1131,821,0.725906277630416,-0.0143941503535839
"BAL",1039,748,0.719923002887392,-0.0203774250966078
"IND",1079,775,0.718257645968489,-0.0220427820155102
"SEA",1089,780,0.716253443526171,-0.0240469844578287
"PHI",1089,772,0.7089072543618,-0.0313931736221997
"CHI",1182,837,0.708121827411167,-0.0321786005728321
"MIA",1024,724,0.70703125,-0.0332691779839995
"NYJ",1096,773,0.70529197080292,-0.0350084571810798
"ATL",1133,790,0.697263901147396,-0.0430365268366032
"WAS",1055,731,0.692890995260664,-0.047409432723336
"GB",1070,741,0.692523364485981,-0.0477770634980182
"NYG",1159,799,0.689387402933563,-0.0509130250504362
